period,signal,strategy,cost_bps,n_months,alpha_annualized,alpha_hac_t_stat,alpha_p_value,r_squared,inference_eligible,beta_mktrf,beta_smb,beta_hml,beta_rmw,beta_cma,beta_umd,alpha_p_bonferroni,alpha_significant_5pct
development,COMPOSITE,long_only,0.0,168,-0.0026215422146683713,-0.30186481161232154,0.7627551214032425,0.9603659506274723,True,1.008618386697007,0.4768181241153112,0.13836636126116392,0.09811272562202164,-0.017470349203814663,0.1525508140154661,1.0,False
development,COMPOSITE,long_only,10.0,168,-0.00732804343230404,-0.8441750187639553,0.39857161192196167,0.9604215924061708,True,1.0083045054402693,0.47635868750898586,0.13843484960278354,0.09753255078050518,-0.017616901632015923,0.15226739887101545,1.0,False
development,COMPOSITE,long_only,25.0,168,-0.01438779525875752,-1.6582477948958838,0.09726746139184436,0.9604956501521391,True,1.007833683555162,0.47566953259949785,0.13853758211521305,0.09666228851823061,-0.01783673027431791,0.15184227615433943,1.0,False
development,COMPOSITE,long_short,0.0,168,0.009013247893042718,0.8344142445189848,0.4040475930453997,0.6085341687727148,True,-0.07414713041825768,0.24714626875474494,0.1701199502746281,0.4374848551582384,0.09478897189176506,0.3255223808552659,1.0,False
development,COMPOSITE,long_short,10.0,168,0.00024759327227079396,0.02290437892591602,0.9817265474352741,0.6082258165255041,True,-0.07466850219035887,0.24650693155848336,0.16998039660931874,0.4368629032387893,0.09494265448045697,0.3248765892565065,1.0,False
development,COMPOSITE,long_short,25.0,168,-0.012900888658887092,-1.1917928021089588,0.23334249881589741,0.6076407076339545,True,-0.07545055984851065,0.245547925764091,0.16977106611135467,0.4359299753596157,0.0951731783634949,0.32390790185836743,1.0,False
development,LV,long_only,0.0,168,-0.0030770153272202255,-0.38128810727766477,0.7029894773654517,0.9577188981860187,True,0.9232752932719588,0.1522768144810776,0.0525095968167586,0.1519957222628318,0.045569117791190786,0.06395349132705601,1.0,False
development,LV,long_only,10.0,168,-0.006857053344024271,-0.8505286649817796,0.39503123053876565,0.9576670742330253,True,0.9232931439070845,0.15224961911708312,0.05280890833499466,0.15220056819764488,0.04442385084907366,0.064017474447269,1.0,False
development,LV,long_only,25.0,168,-0.012527110369230304,-1.5555259374645802,0.11982086218163683,0.9575673753805646,True,0.9233199198597729,0.15220882607109143,0.053257875612348876,0.15250783709986448,0.04270595043589759,0.06411344912758844,1.0,False
development,LV,long_short,0.0,168,0.00801011255745187,0.5678189732580051,0.5701578952003739,0.7554892336884904,True,-0.2921476070779697,-0.5014336894004722,0.10073775216827886,0.6291558511018853,0.14957562039437572,0.14015223497317647,1.0,False
development,LV,long_short,10.0,168,0.00022249649560128265,0.015745734950240772,0.987437240297189,0.754806434933387,True,-0.2919905457710027,-0.5015524830753476,0.10130948036499969,0.6292948843232107,0.14756851273828872,0.14028141664245453,1.0,False
development,LV,long_short,25.0,168,-0.011458927597174599,-0.8085501227544762,0.41877396420580193,0.7536935034335204,True,-0.2917549538105522,-0.5017306735876608,0.1021670726600809,0.6295034341551993,0.1445578512541584,0.14047518914637164,1.0,False
development,MOM,long_only,0.0,168,-0.012513317705086825,-1.2383364258535798,0.2155913427046139,0.953957557090311,True,1.1131674902290847,0.45119429530636457,0.0044589447675700625,-0.2679676435255354,-0.028913374757114474,0.3651722559209437,1.0,False
development,MOM,long_only,10.0,168,-0.018718283736780708,-1.8532964642065188,0.0638398776951163,0.953942703158002,True,1.1129734685536081,0.45124953420226604,0.00399458044758641,-0.26795383250880045,-0.028648224954840082,0.36498560075621966,1.0,False
development,MOM,long_only,25.0,168,-0.028025732784321543,-2.776350807420438,0.0054972858216250095,0.9539110965025985,True,1.1126824360403942,0.45133239254611796,0.0032980339676108653,-0.26793311598369796,-0.02825050025142868,0.3647056180091336,0.19790228957850034,False
development,MOM,long_short,0.0,168,0.002209124897314675,0.20684231454773,0.8361330084469729,0.7876786159097996,True,0.04322992821329537,0.13472433375137383,-0.023433179081699906,-0.0973555963864417,-0.003767939475571712,0.7291625471273644,1.0,False
development,MOM,long_short,10.0,168,-0.010252502544120298,-0.9592387143587096,0.3374385013862067,0.7874514485860962,True,0.042967811893836236,0.13471028892404163,-0.02406277335343438,-0.09701862320709656,-0.0035217707666168677,0.7288223574550334,1.0,False
development,MOM,long_short,25.0,168,-0.028944943706272763,-2.703989691564381,0.006851241456641911,0.787031783703737,True,0.042574637414647495,0.1346892216830432,-0.0250071647610361,-0.09651316343807895,-0.0031525177031847262,0.7283120729465367,0.2466446924391088,False
development,QUALITY,long_only,0.0,168,0.007229776553493484,0.7705967718610438,0.4409459752197834,0.9520486287174428,True,1.0044524726146284,0.38006826435743113,-0.16009576729082248,0.10677010572631784,-0.008526941875140026,0.06402303234439616,1.0,False
development,QUALITY,long_only,10.0,168,0.005813289133812198,0.6193573651918929,0.5356809613496154,0.9520936029913555,True,1.0041666870360753,0.3799586806271031,-0.1604510780517469,0.10616591539839162,-0.0077894383074887386,0.06356649712116585,1.0,False
development,QUALITY,long_only,25.0,168,0.003688558004290292,0.3926928561695989,0.6945463476339295,0.9521468035842229,True,1.0037380086682457,0.37979430503161093,-0.1609840441931336,0.10525962990650228,-0.006683182956011995,0.06288169428632034,1.0,False
development,QUALITY,long_short,0.0,168,0.02806418405570701,2.340708773431868,0.019247174019363388,0.5058217338634635,True,-0.08109724113301628,-0.052136621168312726,-0.19550335190159687,0.3916218965125349,-0.07119832948275777,0.07749002556306958,0.6928982646970819,False
development,QUALITY,long_short,10.0,168,0.02465957384612238,2.0544722207706125,0.039930009347274906,0.5052394117963372,True,-0.08166514981708357,-0.052217663824671634,-0.1962098871589709,0.3903598159072651,-0.0694717001305755,0.07679069065138502,1.0,False
development,QUALITY,long_short,25.0,168,0.01955265853174543,1.625780419686005,0.1039963751216554,0.504133216222033,True,-0.08251701284318458,-0.05233922780921004,-0.19726969004503198,0.38846669499936026,-0.06688175610230213,0.07574168828385819,1.0,False
development,SIZE,long_only,0.0,168,-0.009488797422912396,-1.1963626458163736,0.2315550717059911,0.9732638393547454,True,1.0459703119750863,0.637489298026795,0.13581585320966322,-0.0317894054465522,-0.010832998513831196,0.008871861692109503,1.0,False
development,SIZE,long_only,10.0,168,-0.013201240546134228,-1.6646068157959564,0.09599122466948347,0.9732471687261871,True,1.0457527806975992,0.6370102186534846,0.13595196324575062,-0.03279986099171518,-0.011208358206229702,0.008896477216356224,1.0,False
development,SIZE,long_only,25.0,168,-0.018769905230967006,-2.3667083735081302,0.017947068223938194,0.9732155356269835,True,1.04542648378137,0.6362915995935191,0.13615612829988172,-0.03431554430945928,-0.011771397744827258,0.008933400502726146,0.646094456061775,False
development,SIZE,long_short,0.0,168,-0.008640995655434826,-1.0875638745370002,0.27678768602934467,0.8129585372608756,True,0.06990610530284098,0.647873961292794,0.06590559483962836,-0.03493274083246274,-0.011796182973788035,0.012541672380926629,1.0,False
development,SIZE,long_short,10.0,168,-0.013263507163106208,-1.6738029892331003,0.09416932468319764,0.8129331847572441,True,0.0695592946636298,0.6472274531471416,0.06587604688308032,-0.036172727374277375,-0.0123100649028999,0.012358840430948663,1.0,False
development,SIZE,long_short,25.0,168,-0.02019727442461327,-2.5578423548786517,0.010532382701895828,0.8127648521959996,True,0.06903907870481304,0.6462576909286631,0.06583172494825833,-0.03803270718699937,-0.013080887796567764,0.012084592505981703,0.3791657772682498,False
development,VALUE,long_only,0.0,168,-0.002818182363830384,-0.27232653469936313,0.7853709552058138,0.9706427505925863,True,1.0907686148235907,0.3853785115339159,0.47709644632377457,0.04072954305610574,-0.01575246830207301,-0.1728335902234606,1.0,False
development,VALUE,long_only,10.0,168,-0.00519308638933947,-0.5021593553454907,0.6155554308545161,0.9706712693669468,True,1.0903735046053504,0.3852269947707718,0.47687036604978994,0.04034812879138859,-0.015355030414463927,-0.17325892713763505,1.0,False
development,VALUE,long_only,25.0,168,-0.008755442427603111,-0.8474147231787845,0.39676400082670493,0.9707063130884743,True,1.08978083927799,0.3849997196260561,0.4765312456388132,0.03977600739431311,-0.014758873583050544,-0.17389693250889665,1.0,False
development,VALUE,long_short,0.0,168,-0.002952292381663205,-0.29994216312635785,0.7642212725625899,0.818345243371573,True,0.12240369081451953,0.05164283972530985,0.46760199083076537,0.12282807537709219,0.10268833209951257,-0.23703936863048491,1.0,False
development,VALUE,long_short,10.0,168,-0.007892229328112434,-0.8038107290473002,0.42150629249200033,0.8187753417194741,True,0.12168486997253865,0.05139697630136647,0.4674860109363935,0.12180564078469633,0.10302750854822323,-0.23786961810043544,1.0,False
development,VALUE,long_short,25.0,168,-0.015302134747786286,-1.5637603859516669,0.1178738505741264,0.8192655417489838,True,0.12060663870956737,0.05102818116545134,0.46731204109483543,0.12027198889610266,0.10353627322128922,-0.23911499230536123,1.0,False
full,COMPOSITE,long_only,0.0,179,-0.004408480268107981,-0.519581217777019,0.6033554918074953,0.9598002406312268,True,1.0095926844042247,0.484071137369945,0.139949267418765,0.09316693607104291,-0.008049437969166753,0.15387488148755518,1.0,False
full,COMPOSITE,long_only,10.0,179,-0.009068620872062514,-1.0694050317161174,0.2848872010062321,0.9598513690647728,True,1.0093076805550383,0.48361034023793115,0.1401134140694286,0.09254060414448345,-0.008328789434108589,0.1536561705340896,1.0,False
full,COMPOSITE,long_only,25.0,179,-0.01605883177799431,-1.8949439719569618,0.058099824806304816,0.9599186267627432,True,1.0088801747812584,0.48291914453991014,0.140359634045424,0.09160110625464475,-0.008747816631521396,0.15332810410389128,1.0,False
full,COMPOSITE,long_short,0.0,179,0.00875810104189186,0.8333235786299988,0.4046622618830623,0.6003184472745445,True,-0.07367105376103511,0.24166903704042844,0.16390391552993044,0.44157641031923944,0.09118061980574499,0.3217914981376703,1.0,False
full,COMPOSITE,long_short,10.0,179,5.286260647139609e-05,0.005025638484392566,0.9959901375246778,0.5999792710973897,True,-0.07413484817239302,0.24093325759407344,0.16386346271133154,0.44082429778592747,0.09120804142997059,0.32120729822328586,1.0,False
full,COMPOSITE,long_short,25.0,179,-0.013004995046659305,-1.2345156528761503,0.21701081764908958,0.599347391753452,True,-0.07483053978942988,0.23982958842454102,0.16380278348343322,0.43969612898595944,0.09124917386630903,0.32033099835170903,1.0,False
full,LV,long_only,0.0,179,-0.006704034322910689,-0.8117530788427118,0.41693333061849025,0.9537997949354858,True,0.921101472452838,0.16522914295565966,0.052292586733448346,0.14338332330188233,0.0657925917776852,0.06408199892723973,1.0,False
full,LV,long_only,10.0,179,-0.01045959097371944,-1.268481536583286,0.20462604014256425,0.9537842318606751,True,0.921145426610315,0.165152592543311,0.052602345824007635,0.14353580858282433,0.06461080541732368,0.0641814911312098,1.0,False
full,LV,long_only,25.0,179,-0.016092925949932578,-1.9556044716276713,0.05051176572993308,0.9537393678193756,True,0.9212113578465305,0.16503776692478803,0.05306698445984673,0.1437645365042374,0.0628381258767811,0.06433072943716486,1.0,False
full,LV,long_short,0.0,179,0.00776367578337555,0.5560165152551283,0.5781995647364653,0.7547682635909426,True,-0.3025819939011086,-0.4739507335475954,0.10395551923914606,0.6411106632753077,0.1477616329440083,0.13899213170514318,1.0,False
full,LV,long_short,10.0,179,2.3717003807898255e-05,0.0016963121192576165,0.9986465393988331,0.7541572120764058,True,-0.302391920070905,-0.47415273223572485,0.10456672105972557,0.6411733443488115,0.1456341799053518,0.13917590975804844,1.0,False
full,LV,long_short,25.0,179,-0.011586221165543588,-0.8267171616443498,0.4083973918741606,0.7531540884388511,True,-0.30210680932559963,-0.4744557302679189,0.10548352379059478,0.641267365959067,0.14244300034736707,0.13945157683740653,1.0,False
full,MOM,long_only,0.0,179,-0.013727550992662051,-1.358260944208903,0.1743808983950258,0.9529686581255679,True,1.123309993465158,0.4477874673789967,0.006708450906960574,-0.2848841394248603,-0.02357165421345004,0.3750469460843949,1.0,False
full,MOM,long_only,10.0,179,-0.01990683907802774,-1.970509170951131,0.04878004497067206,0.9529495215960179,True,1.1231779419411352,0.4477136891197929,0.006299206240244111,-0.2849483041484006,-0.023385617017854875,0.37488600052378857,1.0,False
full,MOM,long_only,25.0,179,-0.029175771206076243,-2.889377729742801,0.003860050893731779,0.9529116878117613,True,1.1229798646551017,0.4476030217309873,0.005685339240169469,-0.2850445512337115,-0.023106561224462023,0.3746445821828792,0.13896183217434405,False
full,MOM,long_short,0.0,179,0.003978175143858108,0.3711588256555391,0.71051923857088,0.7827573878107985,True,0.0517492402596323,0.12962255286622626,-0.020260400347655236,-0.1063618261775214,-0.022717028680458135,0.7373928305687394,1.0,False
full,MOM,long_short,10.0,179,-0.008458783702150523,-0.7887029546290806,0.4302856406325112,0.7824813572652849,True,0.05156109581115665,0.129406929075141,-0.020836369011740293,-0.10620126998257362,-0.022540215739882217,0.7370615249998361,1.0,False
full,MOM,long_short,25.0,179,-0.027114221971163473,-2.5248608983201315,0.01157440928663975,0.7819902138200748,True,0.051278879138443166,0.12908349338851305,-0.021700322007867735,-0.10596043569015207,-0.022274996329018318,0.7365645666464813,0.41667873431903096,False
full,QUALITY,long_only,0.0,179,0.0012557180636137357,0.1302542138833303,0.8963653034043638,0.9490540707063869,True,1.0075641132479993,0.38622816231118845,-0.16455183827422556,0.08950454410486537,0.015436298538335759,0.06339514121217356,1.0,False
full,QUALITY,long_only,10.0,179,-0.00015035293503763833,-0.015592170488171776,0.9875597519702256,0.9491125156889128,True,1.0072833132945456,0.3861604009186991,-0.16486198634395255,0.08892725907786109,0.016027502116722346,0.06293941927425722,1.0,False
full,QUALITY,long_only,25.0,179,-0.002259459433014674,-0.23420741008452925,0.8148239625741904,0.9491861312366073,True,1.0068621133643656,0.3860587588299649,-0.165327208448543,0.08806133153735454,0.016914307484302366,0.06225583636738265,1.0,False
full,QUALITY,long_short,0.0,179,0.024306780997984834,2.0812331722967934,0.037412568619501846,0.5044685859197757,True,-0.07699114620171543,-0.06232278168494374,-0.20332434766535948,0.3700617499629634,-0.05860177650810752,0.07536802468044278,1.0,False
full,QUALITY,long_short,10.0,179,0.020927995729275804,1.790380834468751,0.07339270922960733,0.5039076129074256,True,-0.0775539156511,-0.06236708644184589,-0.20397261459146687,0.3688528394832565,-0.05713700299210642,0.07464430647649532,1.0,False
full,QUALITY,long_short,25.0,179,0.015859817826212246,1.354636868752186,0.17553328084894293,0.5028326285373134,True,-0.07839806982517696,-0.06243354357719904,-0.2049450149806279,0.36703947376369606,-0.05493984271810489,0.07355872917057413,1.0,False
full,SIZE,long_only,0.0,179,-0.01193184563848912,-1.53322282717351,0.1252209616917967,0.9730788434930627,True,1.0470547567786506,0.6377724771839893,0.13522473599940404,-0.03691956718519508,0.0019947613367286773,0.007985925927289847,1.0,False
full,SIZE,long_only,10.0,179,-0.01565147449739748,-2.0112535217114993,0.044298685088714033,0.9730630690195342,True,1.0468465216537888,0.6373698216755082,0.1353555254302637,-0.03788646372009295,0.001580706687909772,0.008038503174597932,1.0,False
full,SIZE,long_only,25.0,179,-0.021230917785759976,-2.727880023554716,0.006374278735268048,0.9730329689470801,True,1.046534168966496,0.6367658384127867,0.1355517095765529,-0.039336808522439634,0.0009596247146812995,0.008117369045560117,0.22947403446964976,False
full,SIZE,long_short,0.0,179,-0.008501898283283717,-1.1005052809515854,0.27111202996170913,0.8115422979818527,True,0.06989404437785988,0.6304266664688266,0.06114084494223739,-0.029686852304540767,-0.010636543971917548,0.006277917172481402,1.0,False
full,SIZE,long_short,10.0,179,-0.013122980432982512,-1.7032116431010518,0.08852846855495622,0.8115513600852822,True,0.06955438859724411,0.6298815773706843,0.06112647829036085,-0.030886179996048507,-0.011211672275941545,0.006140108086464146,1.0,False
full,SIZE,long_short,25.0,179,-0.02005460365753068,-2.612228091240465,0.008995421662160821,0.8114420708905897,True,0.06904490492632046,0.6290639437234705,0.06110492831254595,-0.03268517153331015,-0.012074364731977542,0.005933394457438276,0.32383517983778953,False
full,VALUE,long_only,0.0,179,-0.007071566893724374,-0.6854674817199691,0.4930489738046141,0.9689443008451817,True,1.0911805300505666,0.3729551386449217,0.4724585819961963,0.038314720664103324,0.00801193657805526,-0.17822885363048685,1.0,False
full,VALUE,long_only,10.0,179,-0.00942881532314793,-0.9146417647206412,0.3603797256619313,0.9689787174338886,True,1.090799347516224,0.37285123618423044,0.4722802047736651,0.03795335041903191,0.008314734678190012,-0.17861756782679003,1.0,False
full,VALUE,long_only,25.0,179,-0.012964687967283239,-1.2589385764067687,0.2080525187454969,0.9690228130095042,True,1.0902275737147107,0.3726953824931938,0.4720126389398683,0.03741129505142437,0.008768931828392383,-0.17920063912124473,1.0,False
full,VALUE,long_short,0.0,179,-0.004311597449716761,-0.446670600945575,0.65511291167203,0.8081652930663327,True,0.11513882212044646,0.036518373049069436,0.45940326768149237,0.13608923866349465,0.11545301865833531,-0.24982124358750418,1.0,False
full,VALUE,long_short,10.0,179,-0.0092091232045388,-0.9560678535576063,0.3390379545586456,0.8085996982764545,True,0.1144515869931349,0.03628937105984663,0.45937455820441025,0.13506642589449405,0.1155735725319546,-0.2506081186822467,1.0,False
full,VALUE,long_short,25.0,179,-0.01655541183677185,-1.723665824091267,0.08476818805035144,0.8091015060117003,True,0.11342073430216755,0.035945868076012424,0.45933149398878703,0.13353220674099314,0.11575440334238343,-0.2517884313243604,1.0,False
holdout,COMPOSITE,long_only,0.0,11,-0.007065023400404904,-0.24737287303512,0.8046196660904303,0.970725081049249,False,1.1551858110802926,0.5459841915830856,0.04729827108008411,0.05717581507772829,0.5561299673409599,0.1049446287414148,1.0,False
holdout,COMPOSITE,long_only,10.0,11,-0.010944876936604151,-0.38229743681503386,0.7022407556929053,0.9707139621715255,False,1.1554665901948755,0.544851226144887,0.04850657041966283,0.05481087309746535,0.5557927402080605,0.10412882608368676,1.0,False
holdout,COMPOSITE,long_only,25.0,11,-0.016764657240903022,-0.5834568793137219,0.5595857771234231,0.9706958762313972,False,1.1558877588667498,0.5431517779875891,0.050319019429031,0.05126346012707106,0.5552868995087115,0.10290512209709438,1.0,False
holdout,COMPOSITE,long_short,0.0,11,-0.006702561892641498,-0.26360406597790015,0.792085025121658,0.5359888335713823,False,-0.08113254608533192,0.1806823392840049,0.10529655444352823,0.4440140339576465,-0.2593541747170509,0.18237042954278404,1.0,False
holdout,COMPOSITE,long_short,10.0,11,-0.014283810129918431,-0.5600126739598037,0.5754707929274996,0.5321201456094571,False,-0.07996819234646144,0.17774363742109395,0.10652723062907782,0.4394472378118558,-0.2588427216615457,0.17927185573607926,1.0,False
holdout,COMPOSITE,long_short,25.0,11,-0.02565568248583383,-1.001153211605623,0.3167527427635123,0.5262714119788291,False,-0.07822166173815573,0.1733355846267275,0.10837324490740219,0.43259704359316975,-0.25807554207828787,0.1746239950260221,1.0,False
holdout,LV,long_only,0.0,11,-0.021625064535376336,-0.5794363500552,0.5622947828282605,0.9659646534210704,False,0.9847361828502388,0.35414821636099114,-0.106159902709137,0.10170262184679602,0.8943891397157339,0.1442961014507133,1.0,False
holdout,LV,long_only,10.0,11,-0.024945020088259908,-0.6734712079747831,0.500647560010683,0.9665083098534936,False,0.9848744448266056,0.35443861942742116,-0.10680181143503181,0.10158660215800308,0.8945140578369296,0.14474943468438084,1.0,False
holdout,LV,long_only,25.0,11,-0.029924953417585224,-0.8172309153254096,0.41379647833251654,0.9673157057962805,False,0.9850818377911557,0.3548742240270663,-0.10776467452387406,0.10141257262481396,0.8947014350187235,0.14542943453488213,1.0,False
holdout,LV,long_short,0.0,11,0.021912261192303766,0.31735735824761907,0.7509724592805198,0.8423561006889746,False,-0.574540856778568,-0.14613009386758213,0.059368466792432795,0.7561131484514995,0.17637007628953172,0.34581909683078726,1.0,False
holdout,LV,long_short,10.0,11,0.014883563015135144,0.2166087264627231,0.828513284463169,0.8430281422476815,False,-0.5748037614379728,-0.1467638507271245,0.06024470784444236,0.7544847229810764,0.17232427729194905,0.3462722088881315,1.0,False
holdout,LV,long_short,25.0,11,0.004340515749382183,0.06363317701747101,0.9492623138255865,0.8440197893825394,False,-0.5751981184270798,-0.14771448601643816,0.06155906942245659,0.7520420847754417,0.1662555787955748,0.3469518769741479,1.0,False
holdout,MOM,long_only,0.0,11,-0.032148474164662336,-0.7589672964911973,0.44787212023576894,0.9668267389909644,False,1.3817427372260696,0.4525167333000346,-0.08701491056216876,-0.4117560946086589,0.4956767885029858,0.4485611617904689,1.0,False
holdout,MOM,long_only,10.0,11,-0.037979195923835925,-0.8973789006708248,0.36951676737184214,0.9668868073500202,False,1.3836458332537531,0.44931762422945026,-0.0853623138775278,-0.4144757036055078,0.4941936289097306,0.44574153631965596,1.0,False
holdout,MOM,long_only,25.0,11,-0.04672527856259637,-1.1054356289939402,0.2689708725342066,0.9669768804371262,False,1.3865004772952783,0.44451896062357343,-0.08288341885056627,-0.4185551171007813,0.4919688895198474,0.4415120981134365,1.0,False
holdout,MOM,long_short,0.0,11,-0.009298604853528215,-0.1813454065115271,0.8560964675748703,0.817017411226097,False,0.12190424516433937,-0.08370740178347115,0.20824550607936004,-0.49962988116358703,-0.8355003433568738,0.6597820730219983,1.0,False
holdout,MOM,long_short,10.0,11,-0.021406403319075378,-0.41868909930399806,0.6754433632836238,0.8177765332319148,False,0.12395492268416147,-0.08934452151350246,0.2117755756810954,-0.5058584878579548,-0.8405860982024725,0.6550705724676229,1.0,False
holdout,MOM,long_short,25.0,11,-0.03956810101739614,-0.7772971869401805,0.43698345433285113,0.8189209632082851,False,0.12703093896389459,-0.09780020110854948,0.21707068008369843,-0.5152013978995065,-0.8482147304708703,0.6480033216360592,1.0,False
holdout,QUALITY,long_only,0.0,11,-0.05595758169375379,-2.3562521566927543,0.01846038182459391,0.973597802930866,False,1.2511189780383827,0.38279659280331146,-0.2835981309043298,-0.21170010444062304,0.6868675574618186,-0.08720466499622209,0.6645737456853807,False
holdout,QUALITY,long_only,10.0,11,-0.057377539290257594,-2.4276044885564576,0.015198908018406707,0.9737262192329412,False,1.2511248772485923,0.3804822560510401,-0.2809656889084557,-0.21535897177502272,0.6802893700027347,-0.09011462948437643,0.5471606886626414,False
holdout,QUALITY,long_only,25.0,11,-0.0595074756850133,-2.535799240637676,0.011219103073523124,0.9739162174527102,False,1.2511337260639068,0.37701075092263314,-0.27701702591464467,-0.2208472727766222,0.6704220888141098,-0.09447957621660774,0.4038877106468325,False
holdout,QUALITY,long_short,0.0,11,-0.034271172009215825,-2.6455337921483415,0.008156214008249646,0.9264465721260864,False,-0.017621356340638217,-0.29529962606493076,-0.08533685808464689,-0.1988020218646828,-0.40737839132038717,-0.09379212395498289,0.29362370429698725,False
holdout,QUALITY,long_short,10.0,11,-0.037477625082581734,-2.948070345602993,0.003197642918481861,0.9293538859548287,False,-0.01752499690857963,-0.2996843923876287,-0.08134163940464494,-0.20571329305626218,-0.4187128722400011,-0.10011408981874174,0.115115145065347,False
holdout,QUALITY,long_short,25.0,11,-0.04228730469263062,-3.4208534457883113,0.0006242496177950628,0.9335746659913108,False,-0.017380457760491734,-0.3062615418716754,-0.07534881138464201,-0.2160801998436312,-0.4357145936194219,-0.10959703861438003,0.022472986240622262,False
holdout,SIZE,long_only,0.0,11,-0.031458003021070935,-1.2803148879366866,0.20043441375686188,0.9843339907501096,False,1.188700674145136,0.6302662163232408,0.0801444899428545,-0.035467967746286244,0.5021127782269776,-0.04067388575547959,1.0,False
holdout,SIZE,long_only,10.0,11,-0.03539171381094059,-1.4357042848467778,0.15108650546241242,0.9842978902069301,False,1.188490107886958,0.6311311576001872,0.07934209919529545,-0.03527607805442767,0.5016588612830141,-0.03971538057216642,1.0,False
holdout,SIZE,long_only,25.0,11,-0.041292279995744974,-1.6668478540253822,0.09554466198808616,0.9842422527766315,False,1.1881742584996915,0.6324285695156067,0.0781385130739567,-0.03498824351663943,0.5009779858670689,-0.03827762279719685,1.0,False
holdout,SIZE,long_short,0.0,11,-0.022571320371636037,-0.9339208235499259,0.3503447364469542,0.910785565138618,False,0.07335247279105983,0.4457854339782828,0.12001329068658287,0.11648783416212333,-0.2593181779754883,-0.09807780266378402,1.0,False
holdout,SIZE,long_short,10.0,11,-0.027246557368980642,-1.1235891110703908,0.26118737763776645,0.9106179839163242,False,0.07280368658943098,0.44690937076532183,0.11903634990467055,0.11640564436408107,-0.25953052147534017,-0.09688917820783875,1.0,False
holdout,SIZE,long_short,25.0,11,-0.03425941286499757,-1.4057027486596907,0.15981241042792127,0.9103632965389743,False,0.0719805072869877,0.4485952759458801,0.1175709387318021,0.11628235966701744,-0.25984903672511794,-0.09510624152392111,1.0,False
holdout,VALUE,long_only,0.0,11,-0.06415531270951418,-2.5944348638394312,0.009474656453495354,0.9691933905307158,False,1.229830548746882,0.30856897368541886,0.4238403543764583,0.3028540954100297,0.6675526871493376,-0.13290754455644332,0.3410876323258327,False
holdout,VALUE,long_only,10.0,11,-0.06627260072967253,-2.6786710694120757,0.007391496451337479,0.969194269797743,False,1.2298363057491613,0.30847929492290305,0.4240442761699317,0.3021920075472856,0.6671838194448068,-0.13360273657567132,0.26609387224814923,False
holdout,VALUE,long_only,25.0,11,-0.06944853275991007,-2.8047891851539872,0.0050349498998759805,0.9691946601103295,False,1.2298449412525805,0.30834477677912925,0.42435015886014177,0.30119887575316895,0.6666305178880101,-0.13464552460451346,0.1812581963955353,False
holdout,VALUE,long_short,0.0,11,-0.027902978753012404,-0.8954988039879713,0.3705205048518825,0.839092098603144,False,-0.03495312773125522,-0.006963401249624548,0.43224663667718627,0.567955716899756,0.1414770829877331,-0.2107448939198242,1.0,False
holdout,VALUE,long_short,10.0,11,-0.032246550735377646,-1.0294708003884045,0.30325849414684747,0.8378521201087248,False,-0.03482711958970157,-0.009337620644917458,0.43465413949616394,0.5636555232757351,0.13596633360021415,-0.21418018173946332,1.0,False
holdout,VALUE,long_short,25.0,11,-0.038761908708925506,-1.2276842189961088,0.21956553275752078,0.8359669616944635,False,-0.03463810737737113,-0.012898949737856848,0.43826539372463025,0.5572052328397039,0.12770020951893563,-0.21933311346892204,1.0,False
