period,signal,strategy,cost_bps,n_months,cagr,annualized_volatility,sharpe,max_drawdown,hit_rate,average_monthly_turnover,benchmark_cagr,information_ratio_vs_benchmark,alpha_annualized,beta
development,COMPOSITE,long_only,0.0,168,0.13193089321650864,0.1735484593917457,0.8044530791223522,-0.27098001113357884,0.6309523809523809,0.39789981132888824,0.13562980025054072,0.008151186638935437,-0.011023417792703168,1.0828220258860954
development,COMPOSITE,long_only,10.0,168,0.12659668094156307,0.1734918521433948,0.7771938170746953,-0.27196584539655144,0.625,0.39789981132888824,0.13562980025054072,-0.07002618007297771,-0.015757737274081217,1.0825310527217489
development,COMPOSITE,long_only,25.0,168,0.11863839386458985,0.17340782209319675,0.7362678145288392,-0.2777756856989886,0.625,0.39789981132888824,0.13562980025054072,-0.18753912802521103,-0.02285921649614823,1.0820945929752288
development,COMPOSITE,long_short,0.0,168,0.01830816198533114,0.0687614394203119,0.2981562053300786,-0.17600421963850965,0.5476190476190477,0.738823119974127,0.13562980025054072,-0.649341979279946,0.03895395924670589,-0.1326422522835585
development,COMPOSITE,long_short,10.0,168,0.009330642706040226,0.06872835481929648,0.16930090122916544,-0.20134795636169645,0.5238095238095238,0.738823119974127,0.13562980025054072,-0.697709731569552,0.030151640084979753,-0.1330991334770911
development,COMPOSITE,long_short,25.0,168,-0.004000165508007636,0.0686860853285241,-0.024212236593121154,-0.2723219004722416,0.5119047619047619,0.738823119974127,0.13562980025054072,-0.7702059286074826,0.016948161342390543,-0.13378445526738994
development,LV,long_only,0.0,168,0.12736482306220753,0.14679086001059902,0.8940849448517315,-0.22737924572740043,0.6845238095238095,0.31521243618615913,0.13644457537451182,-0.23110760810626196,-0.0006586344419039977,0.9428467312652936
development,LV,long_only,10.0,168,0.1231433268279658,0.1468035236170774,0.8682417533488508,-0.2280318373017286,0.6726190476190477,0.31521243618615913,0.13644457537451182,-0.3320836859919758,-0.004451705557591938,0.9429219424946628
development,LV,long_only,25.0,168,0.11683795908537964,0.14682426739294566,0.8294754474462391,-0.22901021973225477,0.6666666666666666,0.31521243618615913,0.13644457537451182,-0.4834192390047287,-0.01014131223112387,0.943034759338717
development,LV,long_short,0.0,168,-0.008579306790229224,0.12105450463290511,-0.01066599219016281,-0.37777187588330274,0.49404761904761907,0.6485933442303737,0.13644457537451182,-0.5841384127597085,0.06335726440020795,-0.4621120261242033
development,LV,long_short,10.0,168,-0.01628098819642798,0.12106950914026213,-0.07495104751147771,-0.400217722597631,0.48214285714285715,0.6485933442303737,0.13644457537451182,-0.6163811802891105,0.05553860417180882,-0.4618579827340845
development,LV,long_short,25.0,168,-0.02773163480518448,0.12109947634481197,-0.17133820355118906,-0.43240533825022154,0.4642857142857143,0.6485933442303737,0.13644457537451182,-0.6647432506123268,0.0438106138292101,-0.46147691764890625
development,MOM,long_only,0.0,168,0.12855620483208385,0.18564867434124405,0.7468332940803193,-0.2558897383755365,0.6190476190476191,0.518845750900505,0.13694774174100477,-0.021520185114569587,-0.019216776098274393,1.124985847581313
development,MOM,long_only,10.0,168,0.12161588410045376,0.18562065723584162,0.713403690952669,-0.26591259119682287,0.6130952380952381,0.518845750900505,0.13694774174100477,-0.10138972910849252,-0.025417112826047104,1.1248019031864076
development,MOM,long_only,25.0,168,0.11127854238459656,0.18557955681870744,0.6632370536003624,-0.2807049609115557,0.6071428571428571,0.518845750900505,0.13694774174100477,-0.22123820862555243,-0.03471761791770633,1.1245259865940507
development,MOM,long_short,0.0,168,0.019807268887784835,0.09884196323215677,0.2482264328489913,-0.20449878149379752,0.5357142857142857,1.040168802790419,0.13694774174100477,-0.5882865912837442,0.04388324964978528,-0.13787883456730776
development,MOM,long_short,10.0,168,0.007166377376914834,0.09883938747827009,0.12194695478130425,-0.24580458785001236,0.5119047619047619,1.040168802790419,0.13694774174100477,-0.6516153477104422,0.031434797349349834,-0.13811808602851255
development,MOM,long_short,25.0,168,-0.011526347994950448,0.09884061236666035,-0.06748112921498782,-0.3448030460821002,0.4880952380952381,1.040168802790419,0.13694774174100477,-0.746567089519369,0.012762118898696656,-0.1384769632203198
development,QUALITY,long_only,0.0,168,0.14687033028566687,0.16846838359042243,0.9013604403400359,-0.2787653110323628,0.6190476190476191,0.12294895888337223,0.13568545752836592,0.24453780726426166,0.0032888741321353,1.0675506188663315
development,QUALITY,long_only,10.0,168,0.1452039438156041,0.16842997780034236,0.8928063214975448,-0.27965855156472474,0.6190476190476191,0.12294895888337223,0.13568545752836592,0.21621634143665874,0.0018447722706070868,1.0673258033635844
development,QUALITY,long_only,25.0,168,0.14270828935349855,0.1683736858558634,0.879960944590657,-0.2810435056109517,0.6130952380952381,0.12294895888337223,0.13568545752836592,0.17366513979204545,-0.0003213805216852536,1.0669885801094636
development,QUALITY,long_short,0.0,168,0.034454629519378166,0.0645355458671152,0.5575806215908876,-0.14346429513286696,0.5476190476190477,0.29304955055370596,0.13568545752836592,-0.5687108707406577,0.05479475996056941,-0.13517388581922557
development,QUALITY,long_short,10.0,168,0.030833313860570977,0.06452107976949788,0.5032026012062744,-0.15071080524805058,0.5357142857142857,0.29304955055370596,0.13568545752836592,-0.587911281589889,0.05134688348605769,-0.135667687413778
development,QUALITY,long_short,25.0,168,0.02542206827830329,0.0645154825073533,0.4214846143262254,-0.16175135261121298,0.5178571428571429,0.29304955055370596,0.13568545752836592,-0.6166701887946365,0.04617506877429007,-0.1364083898056063
development,SIZE,long_only,0.0,168,0.11468296334037764,0.1952028905126042,0.6563834534365124,-0.3243258291942328,0.625,0.3147707664102137,0.13542611244590552,-0.13495952399275837,-0.03762609561159605,1.192261923299035
development,SIZE,long_only,10.0,168,0.11051870648597584,0.1951635750096548,0.6371614077697559,-0.3281817398657023,0.625,0.3147707664102137,0.13542611244590552,-0.18179573035154722,-0.041368493670196224,1.1920112405135561
development,SIZE,long_only,25.0,168,0.10429890666669661,0.1951053116364984,0.6083116005794266,-0.3339266089582502,0.625,0.3147707664102137,0.13542611244590552,-0.25209732206785307,-0.046982090758096465,1.1916352163353374
development,SIZE,long_short,0.0,168,-0.008230746569771963,0.07467628932433783,-0.07346234172114441,-0.2809371420092871,0.5178571428571429,0.39296357327764364,0.13542611244590552,-1.0413257979090467,-0.03330772909308994,0.2001212925044966
development,SIZE,long_short,10.0,168,-0.012898013776452166,0.07462656436524162,-0.13670008864691569,-0.3123191301710512,0.5,0.39296357327764364,0.13542611244590552,-1.0750712164519665,-0.037975086936690994,0.19977455569150365
development,SIZE,long_short,25.0,168,-0.01986162468107988,0.07455825330826729,-0.23169537263321827,-0.3635144154057658,0.4880952380952381,0.39296357327764364,0.13542611244590552,-1.1256342876103071,-0.044976123702092564,0.19925445047201434
development,VALUE,long_only,0.0,168,0.11783942020028593,0.2106181800456422,0.6381189466839727,-0.3829335455323928,0.6369047619047619,0.20365430728810338,0.135737132549393,-0.048730471998007806,-0.04112348045864745,1.2606184195446648
development,VALUE,long_only,10.0,168,0.11514068647257103,0.2105727410861877,0.6266509085416411,-0.3833195153768978,0.6369047619047619,0.20365430728810338,0.135737132549393,-0.073370935280869,-0.04352125868570119,1.260287516612
development,VALUE,long_only,25.0,168,0.11110359260817981,0.21050545740249035,0.6094370358260351,-0.38389817402486626,0.625,0.20365430728810338,0.135737132549393,-0.1103488911578034,-0.04711792602628182,1.2597911622130031
development,VALUE,long_short,0.0,168,0.00011943532910274612,0.08877271406406817,0.04547541315150436,-0.33694232377550615,0.4880952380952381,0.4238447380797728,0.135737132549393,-0.9391765206773447,-0.026171235079574966,0.2169575607987416
development,VALUE,long_short,10.0,168,-0.004955775898590864,0.0887552804080565,-0.011820829177597527,-0.3647939652385461,0.48214285714285715,0.4238447380797728,0.135737132549393,-0.9740217682949062,-0.031184353842878227,0.21643313955674912
development,VALUE,long_short,25.0,168,-0.012525111320493831,0.08873801610432128,-0.09779761453700905,-0.41222424329481233,0.47619047619047616,0.4238447380797728,0.135737132549393,-1.026185979206462,-0.03870403198783313,0.2156465076937604
full,COMPOSITE,long_only,0.0,179,0.136396709144732,0.17303264319804157,0.8293237111641476,-0.27098001113357884,0.6312849162011173,0.39392444703613066,0.14310794340501842,-0.030949157390010223,-0.01484943435499917,1.0886426352728344
full,COMPOSITE,long_only,10.0,179,0.1310955312362312,0.17298210468389583,0.8022389408355224,-0.27196584539655144,0.6256983240223464,0.39392444703613066,0.14310794340501842,-0.10583051031788983,-0.01953871848227534,1.088382699210804
full,COMPOSITE,long_only,25.0,179,0.12318609392470492,0.17290717851598983,0.7615782151362802,-0.2777756856989886,0.6256983240223464,0.39392444703613066,0.14310794340501842,-0.21835659950943223,-0.026572644673189483,1.0879927951177584
full,COMPOSITE,long_short,0.0,179,0.018747315199942216,0.06727231606651389,0.3096927402677608,-0.17600421963850965,0.547486033519553,0.7338600719753612,0.14310794340501842,-0.6945837358247406,0.03940083072907907,-0.1276474945029463
full,COMPOSITE,long_short,10.0,179,0.00982655963478174,0.0672361681964515,0.17888329102799796,-0.20134795636169645,0.5251396648044693,0.7338600719753612,0.14310794340501842,-0.7435086352346493,0.030655501768052075,-0.12806680989224312
full,COMPOSITE,long_short,25.0,179,-0.003420860210208043,0.06718924511521394,-0.01759290866322863,-0.2723219004722416,0.5083798882681564,0.7338600719753612,0.14310794340501842,-0.8168447715383887,0.0175375083265116,-0.1286957829761883
full,LV,long_only,0.0,179,0.12905993533605375,0.1453864137213077,0.911786058224015,-0.22737924572740043,0.6871508379888268,0.3123982965793052,0.14384956062832543,-0.3472711385081288,-0.005217088504395326,0.9426051610415219
full,LV,long_only,10.0,179,0.1248705192242503,0.14539833172676062,0.8859284972361022,-0.2280318373017286,0.6759776536312849,0.3123982965793052,0.14384956062832543,-0.44306955535842985,-0.008980036173998403,0.9427020915824739
full,LV,long_only,25.0,179,0.11861282912197235,0.14541791550446886,0.8471401598733003,-0.22901021973225477,0.6703910614525139,0.3123982965793052,0.14384956062832543,-0.586769048591522,-0.01462445767840307,0.942847487393902
full,LV,long_short,0.0,179,-0.009701345613896573,0.1200076768346917,-0.021164861684792043,-0.37777187588330274,0.49162011173184356,0.6433787915556419,0.14384956062832543,-0.6208862820713885,0.06616948279553518,-0.4700727043997283
full,LV,long_short,10.0,179,-0.01733236889625145,0.12001521515611079,-0.08549325488973003,-0.400217722597631,0.48044692737430167,0.6433787915556419,0.14384956062832543,-0.6531833655517477,0.058406942597352844,-0.469785399406055
full,LV,long_short,25.0,179,-0.028678753725251194,0.12003376102097571,-0.18195972068368324,-0.43240533825022154,0.46368715083798884,0.6433787915556419,0.14384956062832543,-0.7016298952624439,0.046763132300079335,-0.46935444191554515
full,MOM,long_only,0.0,179,0.13695689785147125,0.18660477543529394,0.784101581457259,-0.2558897383755365,0.6256983240223464,0.5163834146644498,0.14432489304433682,-0.0031593598253158396,-0.02124593356213414,1.1432330513118103
full,MOM,long_only,10.0,179,0.13000114601081525,0.18658218802279858,0.7509853970261933,-0.26591259119682287,0.6201117318435754,0.5163834146644498,0.14432489304433682,-0.08075461594581694,-0.027421791715321803,1.1430915291625088
full,MOM,long_only,25.0,179,0.11964043950657599,0.18654921618978623,0.7012926655948071,-0.2807049609115557,0.6145251396648045,0.5163834146644498,0.14432489304433682,-0.19719178540396215,-0.03668557894510338,1.142879245938557
full,MOM,long_short,0.0,179,0.02726547094331222,0.09845732209199931,0.3229351462077219,-0.20449878149379752,0.547486033519553,1.0379778529866035,0.14432489304433682,-0.5979762347993385,0.04849431487284904,-0.11393224039562254
full,MOM,long_short,10.0,179,0.014566171515330018,0.09845812825284314,0.19642456963529434,-0.24580458785001236,0.5251396648044693,1.0379778529866035,0.14432489304433682,-0.6627912400362737,0.03606742733786611,-0.11412905290988892
full,MOM,long_short,25.0,179,-0.004213637552623384,0.09846432359369023,0.006662251782781634,-0.3448030460821002,0.4972067039106145,1.0379778529866035,0.14432489304433682,-0.7599744261875017,0.017427096035391682,-0.11442427168128848
full,QUALITY,long_only,0.0,179,0.1468871062031425,0.16762018056599132,0.9051970987507006,-0.2787653110323628,0.6256983240223464,0.12266329824635537,0.14315335470220747,0.11713657793596655,-0.0044147871340003905,1.073191099391856
full,QUALITY,long_only,10.0,179,0.14522411574657834,0.1675843852978715,0.8966070513930875,-0.27965855156472474,0.6256983240223464,0.12266329824635537,0.14315335470220747,0.08952354453437235,-0.005856390563665936,1.0729824590930743
full,QUALITY,long_only,25.0,179,0.1427335434767727,0.16753198535308808,0.8837082774431785,-0.2810435056109517,0.6201117318435754,0.12266329824635537,0.14315335470220747,0.04804898669708323,-0.008018795708164307,1.0726694986449017
full,QUALITY,long_short,0.0,179,0.03186670946592107,0.06361718148249823,0.5252546917224916,-0.14346429513286696,0.5418994413407822,0.2921395486690664,0.14315335470220747,-0.6272776255505033,0.052693684297160676,-0.13250244214419982
full,QUALITY,long_short,10.0,179,0.028264715749445557,0.06360560388479945,0.47023448622523695,-0.15071080524805058,0.5307262569832403,0.2921395486690664,0.14315335470220747,-0.6467035126626388,0.04925621365354221,-0.13297121340925847
full,QUALITY,long_short,25.0,179,0.02288230808879055,0.06360409819097124,0.3875699410713553,-0.16175135261121298,0.5139664804469274,0.2921395486690664,0.14315335470220747,-0.6757992602420663,0.04410000768811451,-0.1336743703068464
full,SIZE,long_only,0.0,179,0.11712516934041028,0.19416500151756527,0.6702089207989104,-0.3243258291942328,0.6201117318435754,0.31493237872676966,0.14294469053223713,-0.1849520747086045,-0.043675281299825515,1.195376360597123
full,SIZE,long_only,10.0,179,0.11294957694254948,0.1941297859925847,0.6508631683347722,-0.3281817398657023,0.6201117318435754,0.31493237872676966,0.14294469053223713,-0.23079271445177935,-0.04742130087825625,1.1951482366684485
full,SIZE,long_only,25.0,179,0.10671286556863446,0.1940776484004741,0.6218291789746784,-0.3339266089582502,0.6201117318435754,0.31493237872676966,0.14294469053223713,-0.29959245840162146,-0.05304033024590246,1.194806050775437
full,SIZE,long_short,0.0,179,-0.009368868752095416,0.07461820249756256,-0.08895020119847094,-0.28951364411606784,0.5139664804469274,0.3924670329810557,0.14294469053223713,-1.1070943684479246,-0.035826078019200444,0.2007496319170974
full,SIZE,long_short,10.0,179,-0.014025631953464957,0.07457236666299648,-0.15215969438488472,-0.32341064900276595,0.4972067039106145,0.3924670329810557,0.14294469053223713,-1.1411598959535278,-0.04048853946705619,0.20042540009166382
full,SIZE,long_short,25.0,179,-0.020973587662957427,0.07450954273639791,-0.24710009535012453,-0.3777721864168335,0.48044692737430167,0.3924670329810557,0.14294469053223713,-1.192204529032297,-0.04748223163883979,0.19993905235351353
full,VALUE,long_only,0.0,179,0.11771028051436239,0.20794406875436122,0.6429904629592814,-0.3829335455323928,0.6312849162011173,0.20244798351422513,0.1433451410818507,-0.12001274052261816,-0.048810124440345715,1.2527395355430806
full,VALUE,long_only,10.0,179,0.11502717074665014,0.20790165385701548,0.6314364258310246,-0.3833195153768978,0.6312849162011173,0.20244798351422513,0.1433451410818507,-0.144361481588315,-0.05119375899711891,1.2524255805430027
full,VALUE,long_only,25.0,179,0.11101339451776271,0.20783887180786068,0.6140940451724944,-0.38389817402486626,0.6201117318435754,0.20244798351422513,0.1433451410818507,-0.18089860949324185,-0.05476921083227849,1.2519546480428845
full,VALUE,long_short,0.0,179,-0.004476560432880694,0.08807398622814107,-0.007135806515018903,-0.33694232377550615,0.48044692737430167,0.4207747232999588,0.1433451410818507,-1.008880843833665,-0.029698403495919425,0.1995277586278817
full,VALUE,long_short,10.0,179,-0.009493985891474654,0.08805834343589106,-0.06447742919969336,-0.3647939652385461,0.4748603351955307,0.4207747232999588,0.1433451410818507,-1.0432297736026306,-0.0346766955179278,0.19904040269592518
full,VALUE,long_short,25.0,179,-0.016977412547533377,0.08804348682789574,-0.15051335540166866,-0.41222424329481233,0.4692737430167598,0.4207747232999588,0.1433451410818507,-1.0946567782029943,-0.04214413355094038,0.1983093687979905
holdout,COMPOSITE,long_only,0.0,11,0.20683295463480622,0.17205918379612886,1.1791744174886256,-0.06963334604779126,0.6363636363636364,0.3332097923831064,0.2636347930435894,-0.4263414410437805,-0.1085820462038217,1.2853446049077606
holdout,COMPOSITE,long_only,10.0,11,0.20208067459075618,0.1720832953089918,1.1557732548103923,-0.0700641152785606,0.6363636363636364,0.3332097923831064,0.2636347930435894,-0.46940276593573044,-0.11260076163167078,1.285427955793478
holdout,COMPOSITE,long_only,25.0,11,0.1949843398703175,0.1721197482970589,1.120681943608045,-0.07071026912471445,0.6363636363636364,0.3332097923831064,0.2636347930435894,-0.5339345859602037,-0.11862883477344438,1.2855529821220542
holdout,COMPOSITE,long_short,0.0,11,0.025477965055393126,0.039908294481831315,0.6491330006294206,-0.031187003985534978,0.5454545454545454,0.6580607934487557,0.2636347930435894,-1.7689042606914402,0.025681433703918587,0.0009258565050336235
holdout,COMPOSITE,long_short,10.0,11,0.01743091282077902,0.03976314596680442,0.4529083649629536,-0.03435391760800999,0.5454545454545454,0.6580607934487557,0.2636347930435894,-1.83410694679613,0.017792113402073886,0.0008952808302096718
holdout,COMPOSITE,long_short,25.0,11,0.00546869766848479,0.03954815333651432,0.1558597968173632,-0.0390887898522132,0.45454545454545453,0.6580607934487557,0.2636347930435894,-1.9319802273127271,0.005958132949306817,0.0008494173179737347
holdout,LV,long_only,0.0,11,0.15526792267528933,0.12790061475942766,1.1938004672355615,-0.056832109820225796,0.7272727272727273,0.26941870985644467,0.26312963362812813,-1.5420668945579084,-0.08552270975856416,0.98464047361167
holdout,LV,long_only,10.0,11,0.15158194505927636,0.12789101153891735,1.168610579765128,-0.05703619145287886,0.7272727272727273,0.26941870985644467,0.26312963362812813,-1.6008253939320964,-0.08884250698234115,0.9849991475972425
holdout,LV,long_only,25.0,11,0.14607310071370594,0.1278772461391016,1.1308130001996526,-0.0573423139018584,0.7272727272727273,0.26941870985644467,0.26312963362812813,-1.6893315853256217,-0.0938222028180065,0.9855371585756012
holdout,LV,long_short,0.0,11,-0.026680985848157812,0.10766728723753673,-0.20073148365257212,-0.08666401434576887,0.45454545454545453,0.5637383507051911,0.26312963362812813,-1.2540109879493542,0.15098717094887243,-0.7134375845611598
holdout,LV,long_short,10.0,11,-0.03325089158064831,0.10755116204302519,-0.2638472144554664,-0.08807979139680355,0.45454545454545453,0.5637383507051911,0.26312963362812813,-1.2867923671586494,0.14408154557410663,-0.7128557333564846
holdout,LV,long_short,25.0,11,-0.04302972343465705,0.10737865175533601,-0.35877117284888727,-0.09020076223238527,0.45454545454545453,0.5637383507051911,0.26312963362812813,-1.3360153356686242,0.13372310751195782,-0.7119829565494714
holdout,MOM,long_only,0.0,11,0.27331109343147975,0.20714126711352984,1.2717689577483808,-0.08827717405195756,0.7272727272727273,0.47877682487742484,0.26312992529065427,0.19658904239064665,-0.13672528264032974,1.6541365362136335
holdout,MOM,long_only,10.0,11,0.2661410134823028,0.20717342977031386,1.243839578129379,-0.08875676588869219,0.7272727272727273,0.47877682487742484,0.26312992529065427,0.14414405323808552,-0.1426487291669326,1.6548728457737023
holdout,MOM,long_only,25.0,11,0.25545511603451243,0.20722218084264998,1.2019588232519294,-0.08947615364379435,0.7272727272727273,0.47877682487742484,0.26312992529065427,0.0654234069549819,-0.15153389895683672,1.655977310113805
holdout,MOM,long_short,0.0,11,0.14819214468388586,0.09052653478539228,1.5760847915515552,-0.03558675426169833,0.7272727272727273,1.0045160741646997,0.26312992529065427,-1.0609601140102844,0.026720969228671447,0.47932674546717513
holdout,MOM,long_short,10.0,11,0.13457915019221312,0.09054098271063427,1.44269807888667,-0.036535733853534924,0.7272727272727273,1.0045160741646997,0.26312992529065427,-1.19095406828141,0.014494435702239163,0.4800391458779609
holdout,MOM,long_short,25.0,11,0.11443654301510864,0.09056607259123235,1.242650909575533,-0.03795920324129021,0.6363636363636364,1.0045160741646997,0.26312992529065427,-1.3863581688607642,-0.003845364587409243,0.48110774649413957
holdout,QUALITY,long_only,0.0,11,0.14714335071097384,0.16169462004800916,0.9268994431834441,-0.06131368416431826,0.7272727272727273,0.11830048124464371,0.26350583482193635,-1.376476453935987,-0.1665847723179182,1.3064512409110933
holdout,QUALITY,long_only,10.0,11,0.14553224030349532,0.16170241211819064,0.9180756524820088,-0.06142535929122195,0.7272727272727273,0.11830048124464371,0.26350583482193635,-1.3980598612749995,-0.1680518215293045,1.30664710341797
holdout,QUALITY,long_only,25.0,11,0.14311931217608564,0.16171502274417301,0.9048363990425338,-0.06159287198157726,0.7272727272727273,0.11830048124464371,0.26350583482193635,-1.4304123329849434,-0.17025239534638403,1.306940897178285
holdout,QUALITY,long_short,0.0,11,-0.0068628635530695314,0.048333433713330924,-0.12027886748800909,-0.03805530867933926,0.45454545454545453,0.27824133806729895,0.26350583482193635,-1.9140921139850993,0.0035525852858286607,-0.038666320429590346
holdout,QUALITY,long_short,10.0,11,-0.010178797402202844,0.04839789105152079,-0.18910713931544743,-0.03978621754337297,0.45454545454545453,0.27824133806729895,0.26350583482193635,-1.939632304171364,0.0001926501108258389,-0.03857946385383443
holdout,QUALITY,long_short,25.0,11,-0.015134211077109994,0.04850681186175151,-0.29193282896481515,-0.042378271915135324,0.45454545454545453,0.27824133806729895,0.26350583482193635,-1.9778607450646482,-0.0048472526516783925,-0.03844917899020054
holdout,SIZE,long_only,0.0,11,0.1550962027520657,0.1860908957445667,0.8636906451193438,-0.07699912594860792,0.5454545454545454,0.31740063956144354,0.2641598469825286,-0.7490544131674682,-0.16572033751735088,1.3447921130086316
holdout,SIZE,long_only,10.0,11,0.1507437527835691,0.18612604222980336,0.8430639594645498,-0.07739108574760278,0.5454545454545454,0.31740063956144354,0.2641598469825286,-0.7837764887878456,-0.16963074467757258,1.3452106523025904
holdout,SIZE,long_only,25.0,11,0.1442431931438275,0.18617901078711088,0.8121374475585397,-0.07797902544609525,0.5454545454545454,0.31740063956144354,0.2641598469825286,-0.8358460936514612,-0.17549635541790515,1.3458384612435286
holdout,SIZE,long_short,0.0,11,-0.02658968282990315,0.07713389530273278,-0.3140313384118343,-0.042124782093580504,0.45454545454545453,0.3848835084513476,0.2641598469825286,-2.3611523433044144,-0.08368604137854398,0.244960346887841
holdout,SIZE,long_short,10.0,11,-0.03108823382872783,0.07715056978322876,-0.37382824989221547,-0.04318651693164832,0.45454545454545453,0.3848835084513476,0.2641598469825286,-2.402334502751712,-0.08836015249714008,0.24518901640076285
holdout,SIZE,long_short,25.0,11,-0.0378003761707737,0.07717610441925811,-0.46347202805238125,-0.04477765544958301,0.36363636363636365,0.3848835084513476,0.2641598469825286,-2.4641214301666845,-0.0953713191750342,0.24553202067014568
holdout,VALUE,long_only,0.0,11,0.1157398181954794,0.16988774466381723,0.7246901311972859,-0.06819425941760549,0.5454545454545454,0.1840241295131756,0.26607959697639805,-1.1087996989167763,-0.1522858093949479,1.1271906520325197
holdout,VALUE,long_only,10.0,11,0.11329491124534896,0.1699057196644528,0.7116163167070269,-0.06842006586921834,0.5454545454545454,0.1840241295131756,0.26607959697639805,-1.1286895522124467,-0.1544897492675791,1.1271728492415132
holdout,VALUE,long_only,25.0,11,0.10963673321718881,0.16993279625933028,0.6920103162686629,-0.06875877554663767,0.5454545454545454,0.1840241295131756,0.26607959697639805,-1.1585020190729023,-0.15779565907652582,1.127146145055003
holdout,VALUE,long_short,0.0,11,-0.07210191923391296,0.0772869279998953,-0.9300757468561488,-0.0730433669410625,0.36363636363636365,0.37388722484461656,0.26607959697639805,-1.9790037143459813,-0.016839190459397795,-0.22528730946429346
holdout,VALUE,long_short,10.0,11,-0.07628778644148781,0.07735446272565874,-0.9872648750816471,-0.07523646084019275,0.36363636363636365,0.37388722484461656,0.26607959697639805,-2.006798008121128,-0.02135462706667577,-0.2251694753809493
holdout,VALUE,long_short,25.0,11,-0.08253437596530933,0.07745903176210094,-1.072816328020734,-0.07851819241361602,0.36363636363636365,0.37388722484461656,0.26607959697639805,-2.048453725245361,-0.028127781977592754,-0.22499272425593317
