date,turnover,solver,solver_status,objective_value,exit_turnover,eligible_names,buffered_holdings,minimum_position_cap
2010-01-29,1.9999998395099206,CLARABEL,optimal,0.012074721544916388,0.0,200,0,0.00048728700000000004
2010-02-26,0.749999587637,CLARABEL,optimal,0.014302525365418976,0.07114771933249392,241,41,0.0005001570000000001
2010-03-31,0.749999952443414,CLARABEL,optimal,0.01405148582963766,0.10327737218711007,258,58,0.00054089
2010-04-30,0.6129540894135179,CLARABEL,optimal,0.015371459924579133,0.05341991056643003,236,36,0.0005759325
2010-05-28,0.7499995903187011,CLARABEL,optimal,0.014986075718667523,0.14269877700707212,239,39,0.000797328
2010-06-30,0.6867918637088517,CLARABEL,optimal,0.015048810932507178,0.04291071108160815,238,38,0.000820954
2010-07-30,0.49324032737251844,CLARABEL,optimal,0.015982307563147974,0.032389218091257305,226,26,0.000820954
2010-08-31,0.46239525574055207,CLARABEL,optimal,0.016005533795850933,0.048976238702081974,228,28,0.0007678605
2010-09-30,0.34665913062785114,CLARABEL,optimal,0.01633432882588223,0.08457062491449126,222,22,0.000671466
2010-10-29,0.3902426197520008,CLARABEL,optimal,0.01631427065746708,0.03749135390900847,219,19,0.00055746
2010-11-30,0.49492087340445123,CLARABEL,optimal,0.015855117644332714,0.041244126865752774,230,30,0.00047746200000000006
2010-12-31,0.3812503728956991,CLARABEL,optimal,0.015922878594112087,0.05919329351217085,223,23,0.00037497
2011-01-31,0.4127363121006361,CLARABEL,optimal,0.015779898016185546,0.04745482768526542,225,25,0.000359016
2011-02-28,0.6193324194504541,CLARABEL,optimal,0.01571504774188233,0.07727701533668514,229,29,0.000334763
2011-03-31,0.5786540190656799,CLARABEL,optimal,0.015749496093701226,0.06908599592245733,223,23,0.00035568
2011-04-29,0.3952996159058902,CLARABEL,optimal,0.015942283071224483,0.013559535156866939,217,17,0.000404574
2011-05-31,0.5935471472767002,CLARABEL,optimal,0.01620145308805773,0.10870335995662825,220,20,0.000686312
2011-06-30,0.6410754135595766,CLARABEL,optimal,0.016240755660945485,0.11465396864286687,226,26,0.0009231660000000001
2011-07-29,0.6946924443443185,CLARABEL,optimal,0.016223958707797397,0.06267138123817186,229,29,0.0015601170000000002
2011-08-31,0.5774949189097422,CLARABEL,optimal,0.015878055911231606,0.0977942390049915,219,19,0.0022030055000000002
2011-09-30,0.704523491795306,CLARABEL,optimal,0.015864985123902376,0.0714554984084417,223,23,0.0021268095
2011-10-31,0.4887864436637067,CLARABEL,optimal,0.016006387881790884,0.05268568921672899,223,23,0.0015229163149999999
2011-11-30,0.7499989873850662,CLARABEL,optimal,0.016033650370312773,0.11648502291457702,230,30,0.0014748620000000002
2011-12-30,0.4759555586728418,CLARABEL,optimal,0.01686617437502834,0.08800022987347447,214,14,0.0012874120000000001
2012-01-31,0.5839862347178995,CLARABEL,optimal,0.01611906983370991,0.08046355226168223,220,20,0.0010856775
2012-02-29,0.6907147100454523,CLARABEL,optimal,0.015737364184716548,0.10461739429081747,223,23,0.001237138
2012-03-30,0.6390313576266204,CLARABEL,optimal,0.016228989352163194,0.06250773897085907,220,20,0.0006788235
2012-04-30,0.424926533743911,CLARABEL,optimal,0.016449646526181742,0.05732644072228543,215,15,0.000649165
2012-05-31,0.30175243359780557,CLARABEL,optimal,0.01627852113837918,0.033958670008057745,216,16,0.000556032
2012-06-29,0.29095252281880396,CLARABEL,optimal,0.01609062816117339,0.040000028863766586,216,16,0.00182923
2012-07-31,0.584568417256948,CLARABEL,optimal,0.015647829046018046,0.06000000014388001,223,23,0.0015460830000000002
2012-08-31,0.5550954163091377,CLARABEL,optimal,0.015141194755368174,0.040000000454021294,232,32,0.00044130350000000005
2012-09-28,0.606915834849127,CLARABEL,optimal,0.015316285123432144,0.048001815631434165,227,27,0.0003629235
2012-10-31,0.562160676677296,CLARABEL,optimal,0.014981714481349034,0.04705292356563428,233,33,0.00030493584
2012-11-30,0.5428390457842425,CLARABEL,optimal,0.0153722280480714,0.029250555467509824,227,27,0.00025775
2012-12-31,0.6128093206475757,CLARABEL,optimal,0.015578555840755032,0.07547641304840891,234,34,0.0002623
2013-01-31,0.5182841789645598,CLARABEL,optimal,0.015718716045932894,0.020000000501158684,228,28,0.00028749600000000004
2013-02-28,0.6278919062209383,CLARABEL,optimal,0.015439903007495266,0.029075401886174117,230,30,0.00030457
2013-03-28,0.4334600637806516,CLARABEL,optimal,0.01578584106069132,0.005237035577652366,229,29,0.0002999295
2013-04-30,0.3278477572600063,CLARABEL,optimal,0.016137626652349486,0.018335989687828562,225,25,0.00020904
2013-05-31,0.554280505393254,CLARABEL,optimal,0.015641926285960627,0.08084275836031636,234,34,0.00020873400000000002
2013-06-28,0.6884811488398337,CLARABEL,optimal,0.014807518220458303,0.05819086754321395,241,41,0.0002481095
2013-07-31,0.5204473122784379,CLARABEL,optimal,0.014790190238331946,0.020000000290291215,241,41,0.00035543900000000004
2013-08-30,0.7499950496487768,CLARABEL,optimal,0.01463902708619847,0.048283873737215655,248,48,0.000654967
2013-09-30,0.42548218647884434,CLARABEL,optimal,0.015402960476402204,0.1217589116314306,228,28,0.00084363
2013-10-31,0.48766643169295076,CLARABEL,optimal,0.015478129179306938,0.031561669815691897,239,39,0.000731612
2013-11-29,0.6752476806943734,CLARABEL,optimal,0.015564941322915625,0.039093927204525335,243,43,0.00043767
2013-12-31,0.4068060112080618,CLARABEL,optimal,0.01616383593273367,0.019999998415517153,227,27,0.0004004925
2014-01-31,0.5617452275407926,CLARABEL,optimal,0.015855713841900213,0.06974024367529827,223,23,0.000394683
2014-02-28,0.7285929593319622,CLARABEL,optimal,0.01568921257834035,0.0376541737894377,239,39,0.00038669400000000004
2014-03-31,0.7499993730828552,CLARABEL,optimal,0.016061209943879592,0.06397053846395695,229,29,0.00037560197999999997
2014-04-30,0.5381751144828659,CLARABEL,optimal,0.016576696592641642,0.08226699409297543,220,20,0.00034432394999999995
2014-05-30,0.5251292081152585,CLARABEL,optimal,0.016767635130918175,0.03374043574861345,225,25,0.0037572770149999998
2014-06-30,0.3248886942353608,CLARABEL,optimal,0.017055360399070636,0.013517327534654042,217,17,0.00342412646
2014-07-31,0.5489663472240986,CLARABEL,optimal,0.01639348683318676,0.09939576631062491,220,20,0.0037004006949999998
2014-08-29,0.5022069831020675,CLARABEL,optimal,0.01623118960220265,0.03384265390350087,219,19,0.0008033319750000001
2014-09-30,0.5211450405940612,CLARABEL,optimal,0.01678547382019687,0.040803332854295715,226,26,0.003942056015000001
2014-10-31,0.5890553629154209,CLARABEL,optimal,0.01698056398661984,0.1317189652464157,214,14,0.0036663123
2014-11-28,0.5187843848016503,CLARABEL,optimal,0.016627143775037958,0.06717880748540508,219,19,0.0039755088
2014-12-31,0.6635634999331279,CLARABEL,optimal,0.016446283041919973,0.11752919199874123,217,17,0.0044701568300000005
2015-01-30,0.49774347051817713,CLARABEL,optimal,0.01682694278462148,0.0676790353413054,217,17,0.00255553459
2015-02-27,0.7499997557658475,CLARABEL,optimal,0.0162569841031222,0.035783543462827215,225,25,0.0022539602399999996
2015-03-31,0.7215283769302459,CLARABEL,optimal,0.016665202186736117,0.10178334632373934,221,21,0.0017479681050000001
2015-04-30,0.539425030082917,CLARABEL,optimal,0.016800883124056754,0.0775164048948465,213,13,0.001553057995
2015-05-29,0.543609190027653,CLARABEL,optimal,0.01655406833529615,0.08374007428415425,223,23,0.0015709855199999999
2015-06-30,0.5238132125274426,CLARABEL,optimal,0.01659728602151668,0.06000000054533307,218,18,0.0018989899800000002
2015-07-31,0.5901767315962977,CLARABEL,optimal,0.01657631060121382,0.11098274416077288,216,16,0.00150848649
2015-08-31,0.689570130533534,CLARABEL,optimal,0.016563451974725318,0.08099758340941562,222,22,0.00167668776
2015-09-30,0.5525704162073235,CLARABEL,optimal,0.017040277679055083,0.10564177271595843,210,10,0.0013096338799999999
2015-10-30,0.3436487403901958,CLARABEL,optimal,0.016741555491947613,0.02147675817613058,218,18,0.0015946254000000005
2015-11-30,0.6222658576042088,CLARABEL,optimal,0.016312828296475398,0.054413392244035706,221,21,0.0016323028000000002
2015-12-31,0.5448485754051582,CLARABEL,optimal,0.01633177474256482,0.06056595342199804,218,18,0.0017991773450000003
2016-01-29,0.6608752678451497,CLARABEL,optimal,0.01626111779835139,0.141197000993661,224,24,0.0019238755700000003
2016-02-29,0.7499999476962476,CLARABEL,optimal,0.01611145149814264,0.15016191200018547,231,31,0.002576331255
2016-03-31,0.6291581595453943,CLARABEL,optimal,0.016596624009249883,0.10557922859994394,226,26,0.0029521883299999997
2016-04-29,0.5006874668259954,CLARABEL,optimal,0.016520170432106344,0.05717134008232641,212,12,0.0029945019150000004
2016-05-31,0.48121782156157955,CLARABEL,optimal,0.016990334564914108,0.03737400590606215,214,14,0.002639134965
2016-06-30,0.5778899097638517,CLARABEL,optimal,0.01669865853914985,0.10713529832374971,220,20,0.0023564434900000004
2016-07-29,0.36127591293957373,CLARABEL,optimal,0.016500387774322393,0.05974803715873901,221,21,0.001984416645
2016-08-31,0.6496851493309387,CLARABEL,optimal,0.01668045089369261,0.08648343341512132,227,27,0.00220702065
2016-09-30,0.5084492442260127,CLARABEL,optimal,0.016636429436345274,0.03470816924963035,222,22,0.002342414765
2016-10-31,0.533986373934953,CLARABEL,optimal,0.015956009805760472,0.06667503318872507,224,24,0.00279060783
2016-11-30,0.7458151846580074,CLARABEL,optimal,0.016085276043195946,0.1173329718091995,223,23,0.00281919705
2016-12-30,0.5639353455503033,CLARABEL,optimal,0.016480397319842216,0.05237143036574525,222,22,0.0034317127750000003
2017-01-31,0.46406769464011205,CLARABEL,optimal,0.016564764011561654,0.05546363447858804,221,21,0.002603531315
2017-02-28,0.7499998765562174,CLARABEL,optimal,0.015199114403960948,0.049495752461080456,229,29,0.0022460179
2017-03-31,0.7499998817889398,CLARABEL,optimal,0.01525084692780851,0.08717376240432201,230,30,0.0025843904
2017-04-28,0.6376395447226332,CLARABEL,optimal,0.015666083285944727,0.0599999992545477,225,25,0.0019934262300000003
2017-05-31,0.6074681625317349,CLARABEL,optimal,0.016018909449225745,0.07269577262693083,226,26,0.0019866660600000004
2017-06-30,0.6009368048567629,CLARABEL,optimal,0.015633204814083417,0.030963476970799673,232,32,0.0019155736499999998
2017-07-31,0.5801441690030109,CLARABEL,optimal,0.015930526972238856,0.03271121006212288,223,23,0.0019709141399999997
2017-08-31,0.4729343262199545,CLARABEL,optimal,0.016592510041533174,0.09559944808726054,217,17,0.0020005585400000004
2017-09-29,0.47642793146817397,CLARABEL,optimal,0.01668057982038339,0.0902472363119998,214,14,0.0020005585400000004
2017-10-31,0.5702251238703057,CLARABEL,optimal,0.01652882889858207,0.07494367533583629,214,14,0.0021583355600000003
2017-11-30,0.6732945390619307,CLARABEL,optimal,0.01596367041442634,0.062025137559484605,227,27,0.00199436711
2017-12-29,0.5015577352186871,CLARABEL,optimal,0.016111212110339904,0.008629143464591569,218,18,0.0017666372800000001
2018-01-31,0.5666784810179742,CLARABEL,optimal,0.015956363108777967,0.02907424556310048,219,19,0.0017666372800000001
2018-02-28,0.7499998355798689,CLARABEL,optimal,0.015602483450742494,0.05251481935739244,226,26,0.002524732
2018-03-29,0.6979722135720252,CLARABEL,optimal,0.015607073660921412,0.07849525257389757,226,26,0.00355279226
2018-04-30,0.5667167287510363,CLARABEL,optimal,0.015931895545283178,0.0576496119737189,228,28,0.00087802557
2018-05-31,0.5710320280333586,CLARABEL,optimal,0.01614784291237033,0.08537228892949368,227,27,0.0030924824100000002
2018-06-29,0.6412263639833686,CLARABEL,optimal,0.0162522526415977,0.08793728773721192,224,24,0.0032970478399999997
2018-07-31,0.5048726139650218,CLARABEL,optimal,0.016458834586160185,0.10490871912554031,220,20,0.004182588415000001
2018-08-31,0.4820419726408989,CLARABEL,optimal,0.016403714905825966,0.07055907663480121,214,14,0.004877707795
2018-09-28,0.4494071782085026,CLARABEL,optimal,0.01628989494108283,0.025699007929312623,214,14,0.0035321250650999997
2018-10-31,0.45591972670806513,CLARABEL,optimal,0.01636164319426967,0.054200649088481,216,16,0.0033122775
2018-11-30,0.6233588813230329,CLARABEL,optimal,0.01595508527606216,0.09579675906415779,221,21,0.0028651956199999998
2018-12-31,0.705129631613715,CLARABEL,optimal,0.015178363602006828,0.05710787930985699,231,31,0.005071534315000001
2019-01-31,0.47403025293768364,CLARABEL,optimal,0.01573717501377089,0.045709343344029374,224,24,0.0037621688400000003
2019-02-28,0.7147421852514024,CLARABEL,optimal,0.015073467384248548,0.05471186345239956,232,32,0.00394891038
2019-03-29,0.5871964258629827,CLARABEL,optimal,0.014851814620451887,0.03886854171193453,228,28,0.003857520985000001
2019-04-30,0.5425570072407081,CLARABEL,optimal,0.01601191025389814,0.07450012171014994,216,16,0.0099382725
2019-05-31,0.45269812317643066,CLARABEL,optimal,0.015983545746011886,0.022321845647507166,223,23,0.009807980300000001
2019-06-28,0.6860224961570178,CLARABEL,optimal,0.015985572934226894,0.15617987499541877,224,24,0.00804213282
2019-07-31,0.4275950019419347,CLARABEL,optimal,0.016654906527781024,0.058817896556039945,218,18,0.010049604453385
2019-08-30,0.38902268505708165,CLARABEL,optimal,0.016739946942416328,0.10533540595321111,215,15,0.0085390222
2019-09-30,0.566483739530378,CLARABEL,optimal,0.016479860171147942,0.16905402261940586,212,12,0.009303893970000001
2019-10-31,0.5127289025058275,CLARABEL,optimal,0.016795257142706955,0.03932410579357931,223,23,0.00875184843
2019-11-29,0.6777890735763975,CLARABEL,optimal,0.016626529383458922,0.07446815357416146,227,27,0.009340944285
2019-12-31,0.6965777210816224,CLARABEL,optimal,0.016503764235487932,0.036801442150767055,228,28,0.003638529175
2020-01-31,0.6001059997028488,CLARABEL,optimal,0.016205695216854298,0.04084467917628595,226,26,0.0049889109600000005
2020-02-28,0.6642507660526649,CLARABEL,optimal,0.015704930791285425,0.07473301319146425,224,24,0.00225410775
2020-03-31,0.7499994620171841,CLARABEL,optimal,0.01337338998327521,0.07529651533370907,237,37,0.00225375951
2020-04-30,0.4209357686005396,CLARABEL,optimal,0.014384898829565139,0.023718806226432333,231,31,0.0036703948900000008
2020-05-29,0.7251502382239505,CLARABEL,optimal,0.013123767777353908,0.06368524892395397,231,31,0.00348424238
2020-06-30,0.44504525976010095,CLARABEL,optimal,0.01323995382953255,0.021789494922412028,231,31,0.0014707094649999998
2020-07-31,0.35245613566304024,CLARABEL,optimal,0.01353990822193958,0.030575026014134612,226,26,0.00134784791
2020-08-31,0.45203399527863775,CLARABEL,optimal,0.013559854748658458,0.03061613809746265,228,28,0.0031682926800000004
2020-09-30,0.7486444392080958,CLARABEL,optimal,0.01381667619776611,0.17581329265050474,230,30,0.004767220785000001
2020-10-30,0.45650234350584434,CLARABEL,optimal,0.014483839724336615,0.02276229554343786,231,31,0.002953983
2020-11-30,0.48232891346076257,CLARABEL,optimal,0.014354118128058473,0.08089130226730751,231,31,0.00312336
2020-12-31,0.5580319965362761,CLARABEL,optimal,0.013928751933682421,0.14123625788177024,226,26,0.0052491820799999995
2021-01-29,0.44886819396421296,CLARABEL,optimal,0.013735695018787136,0.09272169719912964,223,23,0.015402324450000001
2021-02-26,0.7499998412314703,CLARABEL,optimal,0.012970426489500277,0.11186047697894327,242,42,0.017731411377260003
2021-03-31,0.7499999811083664,CLARABEL,optimal,0.013860799449455855,0.22649088500194908,238,38,0.012045191359999999
2021-04-30,0.7171552702437229,CLARABEL,optimal,0.01355546283981571,0.05087194055966036,249,49,0.012336113644999999
2021-05-28,0.4778168207525656,CLARABEL,optimal,0.01413263591450446,0.04115268396511067,237,37,0.011797619460000002
2021-06-30,0.35934753774815376,CLARABEL,optimal,0.014662708821586875,0.04000246140982919,225,25,0.01159771959
2021-07-30,0.3754834256249652,CLARABEL,optimal,0.014870297440765354,0.04707610791453039,225,25,0.011016721050000003
2021-08-31,0.5010216171139918,CLARABEL,optimal,0.015730432665543227,0.14300181292260683,220,20,0.010285161700000002
2021-09-30,0.5228871019870058,CLARABEL,optimal,0.01526342647151752,0.13944837635308713,221,21,0.008977956234999999
2021-10-29,0.473657841892025,CLARABEL,optimal,0.014957377706369068,0.04786951506336114,228,28,0.0059229472000000005
2021-11-30,0.6554387295326236,CLARABEL,optimal,0.015151954523715799,0.1486188412753725,220,20,0.005985505425
2021-12-31,0.4935297220575131,CLARABEL,optimal,0.014354624499405035,0.10191666599272231,225,25,0.00686157967
2022-01-31,0.722424510860451,CLARABEL,optimal,0.01447025453013234,0.17420092874419363,226,26,0.0081502423
2022-02-28,0.7499999601790334,CLARABEL,optimal,0.014279046777488313,0.06904681717584328,238,38,0.008248778100000001
2022-03-31,0.7499999667544467,CLARABEL,optimal,0.013901847184501812,0.10201034840546222,237,37,0.00760719576
2022-04-29,0.7089518815645699,CLARABEL,optimal,0.014555829187659682,0.1173850455928834,230,30,0.0067238296
2022-05-31,0.6240897336227007,CLARABEL,optimal,0.015516501588533285,0.1202432816926464,219,19,0.006863993600000001
2022-06-30,0.6739633213170269,CLARABEL,optimal,0.015433031127381628,0.1429364061597198,219,19,0.006559376140000001
2022-07-29,0.5964324700294327,CLARABEL,optimal,0.01569974849134939,0.07855612244187381,216,16,0.006948771200000001
2022-08-31,0.6136399646305082,CLARABEL,optimal,0.01594557570058461,0.0964301538013711,223,23,0.00428053725
2022-09-30,0.45511079009680094,CLARABEL,optimal,0.016076419129567074,0.07526108677000944,213,13,0.006226210240000001
2022-10-31,0.43709916492652867,CLARABEL,optimal,0.016598491834968622,0.05715160721752571,221,21,0.006288780799999999
2022-11-30,0.50482091255919,CLARABEL,optimal,0.016228979536853896,0.019489401868211832,225,25,0.00642176745
2022-12-30,0.4764302038624362,CLARABEL,optimal,0.016323651068968114,0.07299193919126981,218,18,0.005588838620000001
2023-01-31,0.5257826298965295,CLARABEL,optimal,0.016474746804140475,0.05777458607164629,219,19,0.00230487129
2023-02-28,0.7499998742417235,CLARABEL,optimal,0.015517594336738284,0.15059388174735616,225,25,0.00200379174
2023-03-31,0.7499998825662791,CLARABEL,optimal,0.015578310173755393,0.041625242109975556,228,28,0.0022043852400000005
2023-04-28,0.5788194796236987,CLARABEL,optimal,0.01563297681490671,0.029731896378871747,220,20,0.0029786304649999998
2023-05-31,0.5884045188909326,CLARABEL,optimal,0.015357044852162438,0.061105445534492354,226,26,0.007155118095000001
2023-06-30,0.6369878293078566,CLARABEL,optimal,0.015661454224419114,0.08093911667783857,225,25,0.007598139
2023-07-31,0.5899176251554983,CLARABEL,optimal,0.015522329238981758,0.03449077646790998,221,21,0.009859656795000001
2023-08-31,0.5165199993709353,CLARABEL,optimal,0.016218310976117197,0.10365683900927637,215,15,0.00997711068
2023-09-29,0.500262922189728,CLARABEL,optimal,0.015515356055401344,0.0804600064692555,226,26,0.00992109102
2023-10-31,0.5720479982387385,CLARABEL,optimal,0.01508830956628674,0.05850885524973181,229,29,0.006474599100000001
2023-11-30,0.5110966028222224,CLARABEL,optimal,0.015810962877456067,0.0615383794842045,220,20,0.006321005765000001
2023-12-29,0.5385109913873063,CLARABEL,optimal,0.015952034045409916,0.03275228085885125,217,17,0.00467806298
2024-01-31,0.5223478676362514,CLARABEL,optimal,0.015263917382761224,0.1314122632609273,216,16,0.00408521393
2024-02-29,0.6851211523329273,CLARABEL,optimal,0.0154047663610342,0.05268903376949948,224,24,0.0037493137200000004
2024-03-28,0.7029349565662133,CLARABEL,optimal,0.015612191933668503,0.10961184438208271,218,18,0.0037150959300000005
2024-04-30,0.4084200951828758,CLARABEL,optimal,0.016052918397740742,0.07713069367539485,214,14,0.003281157125
2024-05-31,0.46015385604404807,CLARABEL,optimal,0.01578086727212859,0.044071371881458904,220,20,0.0030230226900000005
2024-06-28,0.6984662020002732,CLARABEL,optimal,0.015181448771575942,0.01756934174439477,227,27,0.0040033245000000005
2024-07-31,0.3251662471769948,CLARABEL,optimal,0.016180663756960544,0.06491445322144257,214,14,0.005025391359999999
2024-08-30,0.409350839526437,CLARABEL,optimal,0.015650610418559408,0.043945922211576824,218,18,0.00576334296
2024-09-30,0.33274514240613917,CLARABEL,optimal,0.015887933795648075,0.04000000096361571,217,17,0.005758951320000001
2024-10-31,0.41666174284960034,CLARABEL,optimal,0.015783374705631535,0.006045386869585546,214,14,0.006464325920000001
2024-11-29,0.5238224263684335,CLARABEL,optimal,0.01570859314361921,0.07324633627835683,216,16,0.005792079360000001
