strategy,cost_bps,era,n_months,cagr,annualized_volatility,sharpe,max_drawdown,hit_rate,average_monthly_turnover,benchmark_cagr,information_ratio_vs_benchmark,alpha_annualized,beta
baseline_continuous_long_short,0.0,1990s,120,0.043146938043102434,0.05778227296231257,0.7610134323346407,-0.1474507996286213,0.575,0.6656396095986168,0.18714653306871853,-0.7876688639352387,0.08931205360041472,-0.24930817604562094
baseline_continuous_long_short,0.0,2000s,120,0.09798809470752246,0.1443739735239321,0.7204095858903884,-0.17591189151465425,0.575,0.6897936143457594,-0.0046455938427062415,0.35305083202390586,0.10838631902700716,-0.5234617263970385
baseline_continuous_long_short,0.0,2010s,120,0.019376368433886793,0.053337716399236075,0.3864748498872307,-0.0865028708284602,0.575,0.6218802998526939,0.14031262634840802,-0.8029442184825198,0.03516818082688951,-0.10402666154507854
baseline_continuous_long_short,0.0,2020s,59,0.027031942140598453,0.10323495871133209,0.3091506219022069,-0.14878543619565676,0.576271186440678,0.6434921305890094,0.1489110336267363,-0.5260346405915441,0.05595872937235986,-0.15329632964901801
baseline_continuous_long_short,10.0,1990s,120,0.03486621998820927,0.057896127063946236,0.6215512571370678,-0.15814231910152954,0.5416666666666666,0.6656396095986168,0.18714653306871853,-0.8330032011168206,0.08136697357748736,-0.24954239740427284
baseline_continuous_long_short,10.0,2000s,120,0.08900274015630538,0.1443290169524124,0.663282222306972,-0.182165653493651,0.575,0.6897936143457594,-0.0046455938427062415,0.3225301867588791,0.10010839884098113,-0.5234142799701271
baseline_continuous_long_short,10.0,2010s,120,0.011808401594003648,0.05330030640910501,0.24673633655215874,-0.11181582066916418,0.55,0.6218802998526939,0.14031262634840802,-0.852954403860471,0.027772601741978334,-0.10450542603327014
baseline_continuous_long_short,10.0,2020s,59,0.019147285436754036,0.10319801832817405,0.2344351811451777,-0.15284219902500873,0.576271186440678,0.6434921305890094,0.1489110336267363,-0.5585110975243439,0.04827110764490236,-0.1535149155370046
baseline_continuous_long_short,25.0,1990s,120,0.022557250743929336,0.0580800565744305,0.4132898451368884,-0.173943795734943,0.5333333333333333,0.6656396095986168,0.18714653306871853,-0.9009216530827464,0.06944935354309638,-0.24989372944225088
baseline_continuous_long_short,25.0,2000s,120,0.07565046691426058,0.14426528805209488,0.5775095809552452,-0.23128531121990192,0.5666666666666667,0.6897936143457594,-0.0046455938427062415,0.276735169845814,0.08769151856194213,-0.5233431103297603
baseline_continuous_long_short,25.0,2010s,120,0.0005526559728057379,0.05325037475876378,0.036756115839720084,-0.14850518189211037,0.5,0.6218802998526939,0.14031262634840802,-0.927908100163347,0.016679233114611572,-0.10522357276555763
baseline_continuous_long_short,25.0,2020s,59,0.0074238462951363715,0.10314697585155173,0.12225649531533962,-0.15889645132789743,0.576271186440678,0.6434921305890094,0.1489110336267363,-0.6072126220410707,0.03673967505371617,-0.15384279436898465
risk_neutral,0.0,1990s,120,0.0548102963954995,0.06301831481805023,0.8797863727807252,-0.10755346407059263,0.6416666666666667,0.7519370838832029,0.18714653306871853,-0.7148676233118166,0.10075648766456322,-0.24916996646888936
risk_neutral,0.0,2000s,120,0.08209730232538726,0.13504456586302235,0.6535789717072678,-0.1014215870750389,0.575,0.792092294684794,-0.0046455938427062415,0.311163002830011,0.0918498690628711,-0.4289615088712467
risk_neutral,0.0,2010s,120,0.0189616337484515,0.053871434585905174,0.3754860829748343,-0.07722218047959761,0.5666666666666667,0.6972187114781953,0.14031262634840802,-0.7817299536515455,0.04053073941896919,-0.14511179724067505
risk_neutral,0.0,2020s,59,0.06556073328241041,0.10646730272865607,0.6498945563590706,-0.1277176084006556,0.559322033898305,0.7233771612867255,0.1489110336267363,-0.3602556909310571,0.09797668584739697,-0.18352122806676976
risk_neutral,10.0,1990s,120,0.04536426908218827,0.06313897306005671,0.7351942446351549,-0.10964310796162524,0.6166666666666667,0.7519370838832029,0.18714653306871853,-0.7655339056824326,0.09180365013182037,-0.2495571203845515
risk_neutral,10.0,2000s,120,0.07192479518563344,0.13497335231558238,0.5835017031439522,-0.12826702099483245,0.55,0.792092294684794,-0.0046455938427062415,0.27421503401077374,0.08234246649131571,-0.4286870950143794
risk_neutral,10.0,2010s,120,0.010481425778095854,0.0538686834053843,0.2201900746282698,-0.09510393058593414,0.55,0.6972187114781953,0.14031262634840802,-0.836081582422816,0.032238445424728604,-0.1456430666767026
risk_neutral,10.0,2020s,59,0.05639980828976876,0.10639669564029662,0.5687394159563336,-0.13269653568512607,0.5254237288135594,0.7233771612867255,0.1489110336267363,-0.3959645643303789,0.08930904839727469,-0.18360340208928666
risk_neutral,25.0,1990s,120,0.031339492493379195,0.06333526779971624,0.5192137530707253,-0.11415920492528708,0.5583333333333333,0.7519370838832029,0.18714653306871853,-0.8414179459350715,0.07837439383270606,-0.2501378512580446
risk_neutral,25.0,2000s,120,0.056829464733777035,0.13487255959932212,0.4782256660841847,-0.17918193009439787,0.525,0.792092294684794,-0.0046455938427062415,0.21875534004844252,0.06808136263398264,-0.4282754742290776
risk_neutral,25.0,2010s,120,-0.0021180975073110675,0.05387310833690032,-0.012781653197791454,-0.1247951415020625,0.4666666666666667,0.6972187114781953,0.14031262634840802,-0.9175190714694618,0.019800004433367702,-0.1464399708307438
risk_neutral,25.0,2020s,59,0.04279316747352779,0.10629596074091156,0.44678278745456057,-0.14011950599351686,0.5254237288135594,0.7233771612867255,0.1489110336267363,-0.4495341230459771,0.07630759222209124,-0.183726663123062
risk_turnover_managed,0.0,1990s,120,0.046565201869126494,0.06359912712626486,0.7484064381880228,-0.10986070773797552,0.6166666666666667,0.39157091088149804,0.18714653306871853,-0.7559391122433019,0.0939057802133689,-0.25463546585220753
risk_turnover_managed,0.0,2000s,120,0.0801837388411899,0.1182636387074802,0.7123892620310872,-0.10327226607113127,0.6083333333333333,0.409615386888295,-0.0046455938427062415,0.30917635047746156,0.08760300315825771,-0.40094378125077323
risk_turnover_managed,0.0,2010s,120,0.012818093881107995,0.051173975875980965,0.27427386399472015,-0.09155219829745465,0.55,0.35760097629450577,0.14031262634840802,-0.832214476191386,0.03311354247976339,-0.13635690774431491
risk_turnover_managed,0.0,2020s,59,0.05530377267215636,0.10045735686749474,0.5860981798585967,-0.11893950189712221,0.5932203389830508,0.37319544499803964,0.1489110336267363,-0.4061515434087725,0.0881711651246759,-0.1867672968465516
risk_turnover_managed,10.0,1990s,120,0.04167075400271525,0.06367638774830675,0.6737056983104059,-0.11652694306150035,0.6,0.39157091088149804,0.18714653306871853,-0.7822728314546462,0.08920717298165592,-0.25463680589417553
risk_turnover_managed,10.0,2000s,120,0.07491934061324312,0.11823849224823238,0.6709689894786308,-0.11859767086445094,0.5916666666666667,0.409615386888295,-0.0046455938427062415,0.2891718703672616,0.08268710804704382,-0.4008827453083203
risk_turnover_managed,10.0,2010s,120,0.00848453823911699,0.05117463059578049,0.19041607668678098,-0.1017343498062786,0.5416666666666666,0.35760097629450577,0.14031262634840802,-0.8605566656772892,0.02882875789196651,-0.1364028449373924
risk_turnover_managed,10.0,2020s,59,0.0506066167169843,0.10045536644503143,0.5415293438129539,-0.12208720420028563,0.559322033898305,0.37319544499803964,0.1489110336267363,-0.42469451730073066,0.08370817079158285,-0.18686517134104258
risk_turnover_managed,25.0,1990s,120,0.03436776524893426,0.06380166721607611,0.5619111606688055,-0.12643840228132364,0.5833333333333334,0.39157091088149804,0.18714653306871853,-0.8217421051573703,0.08215926213408645,-0.25463881595712745
risk_turnover_managed,25.0,2000s,120,0.06706665383210342,0.11820214797161378,0.6087984519077061,-0.14518141319575906,0.5666666666666667,0.409615386888295,-0.0046455938427062415,0.25915879305369593,0.07531326538022297,-0.4007911913946405
risk_turnover_managed,25.0,2010s,120,0.0020159835301709617,0.05117722527185251,0.06463138228132763,-0.11680031368412092,0.525,0.35760097629450577,0.14031262634840802,-0.903063142335855,0.02240158101027119,-0.13647175072700868
risk_turnover_managed,25.0,2020s,59,0.043596679048919285,0.10045360041548071,0.47466701508246617,-0.12687592217723886,0.5423728813559322,0.37319544499803964,0.1489110336267363,-0.4525041722163747,0.07701367929194328,-0.18701198308277903
risk_turnover_vol_scaled,0.0,1990s,120,0.04976148278446946,0.06696249016617646,0.7597338569171302,-0.11664684871836295,0.6166666666666667,0.43074135898560423,0.18714653306871853,-0.7253614917848693,0.10030104044389801,-0.271789322966633
risk_turnover_vol_scaled,0.0,2000s,120,0.03987593448351001,0.0824255861486161,0.5165377337918579,-0.1165459139173396,0.6083333333333333,0.38207383357688574,-0.0046455938427062415,0.15925571348118858,0.044805086948884236,-0.2665374198626204
risk_turnover_vol_scaled,0.0,2010s,120,0.01756300019959589,0.05803148148520266,0.328858441436417,-0.09451317938036607,0.55,0.41848600575318,0.14031262634840802,-0.7758447649389378,0.040918332532109324,-0.15605748658838162
risk_turnover_vol_scaled,0.0,2020s,59,0.05108449701863371,0.09715555787355876,0.5612852397914799,-0.12638873743848644,0.5932203389830508,0.373274460001005,0.1489110336267363,-0.42834722374603845,0.08275679448389317,-0.17995493143543645
risk_turnover_vol_scaled,10.0,1990s,120,0.04436356908596517,0.06704047470973133,0.6817489704956262,-0.12435539771307513,0.6,0.43074135898560423,0.18714653306871853,-0.7538420600280336,0.0951418938602906,-0.27184293437607066
risk_turnover_vol_scaled,10.0,2000s,120,0.035124109793034375,0.08252238462601698,0.46037253582674076,-0.1283047923734334,0.5916666666666667,0.38207383357688574,-0.0046455938427062415,0.13783851708574021,0.040225786197641014,-0.2672052398432734
risk_turnover_vol_scaled,10.0,2010s,120,0.012473817236089202,0.057989770256384875,0.24249639935215242,-0.1001087720991174,0.5416666666666666,0.41848600575318,0.14031262634840802,-0.8082354633739852,0.03587954715235185,-0.15593631465285127
risk_turnover_vol_scaled,10.0,2020s,59,0.04640328531592086,0.09715698835721981,0.5151733079054823,-0.12972642670167311,0.559322033898305,0.373274460001005,0.1489110336267363,-0.4470875599555858,0.07828433869990205,-0.1799985272700027
risk_turnover_vol_scaled,25.0,1990s,120,0.03631363216353023,0.06716792876848875,0.5650230824292013,-0.1358000647252423,0.5833333333333334,0.43074135898560423,0.18714653306871853,-0.7965252149677395,0.08740317398487953,-0.27192335149022717
risk_turnover_vol_scaled,25.0,2000s,120,0.02803319458440856,0.08267298371634339,0.3763467709731922,-0.14965776268191022,0.5666666666666667,0.38207383357688574,-0.0046455938427062415,0.10575537761361418,0.03335683507077618,-0.2682069698142531
risk_turnover_vol_scaled,25.0,2010s,120,0.004883581575115592,0.057930620413175954,0.11271348962438402,-0.11789188272210016,0.525,0.41848600575318,0.14031262634840802,-0.856836237607411,0.028321369082715656,-0.15575455674955574
risk_turnover_vol_scaled,25.0,2020s,59,0.03941707349064405,0.0971613106045878,0.44599796491484467,-0.13510898443277686,0.5423728813559322,0.373274460001005,0.1489110336267363,-0.4751942526596754,0.07157565502391541,-0.18006392102185206
